{"options":{"check_for_updates":true,"user_modified":null,"comment":null,"compatopts_for_requires":true,"compat_wrappedjsobject":false,"compat_metadata":false,"compat_foreach":false,"compat_powerful_this":null,"sandbox":null,"noframes":null,"unwrap":null,"run_at":null,"run_in":null,"tags":[],"override":{"use_includes":[],"orig_includes":[],"merge_includes":true,"use_matches":[],"orig_matches":["https://www.youtube.com/*"],"merge_matches":true,"use_excludes":[],"orig_excludes":[],"merge_excludes":true,"use_connects":[],"orig_connects":[],"merge_connects":true,"use_blockers":[],"orig_run_at":"document-start","orig_run_in":[],"orig_noframes":true,"orig_tags":[]}},"settings":{"enabled":true,"position":1},"meta":{"name":"Kill YouTube Channel Video Autoplay","uuid":"c6a3f9b8-f5f9-4725-9be0-39919402eddc","modified":1750619290057,"file_url":"https://update.greasyfork.org/scripts/399862/Kill%20YouTube%20Channel%20Video%20Autoplay.user.js"}}